{
  "project_info": {
    "project_number": "1054133048234",
    "project_id": "devgram-143e7",
    "storage_bucket": "devgram-143e7.appspot.com"
  },
  "client": [
    {
      "client_info": {
        "mobilesdk_app_id": "1:1054133048234:android:07b1991844e83ab9e891d3",
        "android_client_info": {
          "package_name": "com.devgram"
        }
      },
      "oauth_client": [
        {
          "client_id": "1054133048234-epo47v09ftnjj0gdrd142p6a03dg8kol.apps.googleusercontent.com",
          "client_type": 3
        }
      ],
      "api_key": [
        {
          "current_key": "AIzaSyBzR4y7uJ1eE6T_fdB2jMcRaIeUxNCA6W8"
        }
      ],
      "services": {
        "appinvite_service": {
          "other_platform_oauth_client": [
            {
              "client_id": "1054133048234-epo47v09ftnjj0gdrd142p6a03dg8kol.apps.googleusercontent.com",
              "client_type": 3
            }
          ]
        }
      }
    }
  ],
  "configuration_version": "1"
}